<?xml version="1.0"?>
<?xml-stylesheet type="text/xsl" href="scoreboard-priv-style.xsl"?>
<scoreboard><entry><time>11:11:10</time><name>Test Testorama</name><phone>30030300300</phone><email>Test@test.org</email><score>3</score></entry><entry><time>11:12:50</time><name>Dr. Testenstein</name><phone>309093093</phone><email>test@foo.org</email><score>3</score></entry><entry><time>13:47:45</time><name>Test Testersen</name><phone>300303030</phone><email>test@test.org</email><score>3</score></entry><entry><time>14:13:47</time><name>John Foo</name><phone>80808080</phone><email>john@foo.org</email><score>0</score></entry><entry><time>12:41:30</time><name>Gaute</name><phone>93498074</phone><email>gah@steria.no</email><score>2</score></entry><entry><time>14:03:32</time><name>Stian S&#xF8;reb&#xF8;</name><phone>12345678</phone><email>xsts@steria.no</email><score>2</score></entry><entry><time>15:16:08</time><name>Meg</name><phone>55555555</phone><email>post@post.post</email><score>2</score></entry><entry><time>08:41:15</time><name></name><phone>null</phone><email></email><score>1</score><answers>(65.83878000000001, 13.886719999999983);52;0;5;11;</answers></entry></scoreboard>
